,Organisation Code,Name,National_Grouping,High_Level_Health_Geography,Address_Line_1,Address_Line_4,Address_Line_5,Postcode,Open_Date,Amended_Record_Indicator,GOR_Code,address,latitude,longitude
0,R1A,WORCESTERSHIRE HEALTH AND CARE NHS TRUST,Y55,Q77,ISAAC MADDOX HOUSE,WORCESTER,WORCESTERSHIRE,WR4 9RW,20110701,0,F,"91 Lowesmoor, Worcester WR1 2RS, UK",52.1957502,-2.2156799
1,R1C,SOLENT NHS TRUST,Y57,Q70,SOLENT NHS TRUST HEADQUARTERS,SOUTHAMPTON,HAMPSHIRE,SO19 8BR,20110401,0,J,"Highpoint Venue, Bursledon Rd, Southampton SO19 8BR, UK",50.901733,-1.3308451
2,R1D,SHROPSHIRE COMMUNITY HEALTH NHS TRUST,Y55,Q76,WILLIAM FARR HOUSE,SHREWSBURY,SHROPSHIRE,SY3 8XL,20110701,0,E,"William Farr House, Mytton Oak Rd, Shrewsbury SY3 8XL, UK",52.7058626,-2.7893673
3,R1E,STAFFORDSHIRE AND STOKE ON TRENT PARTNERSHIP NHS TRUST,Y55,Q76,"2ND FLOOR, MORSTON HOUSE",NEWCASTLE-UNDER-LYME,STAFFORDSHIRE,ST5 1QG,20110901,0,E,"Earl House, Miller St, Newcastle-under-Lyme, Newcastle ST5 1QJ, UK",53.0138854,-2.2179985
4,R1F,ISLE OF WIGHT NHS TRUST,Y57,Q70,ST MARY'S HOSPITAL,NEWPORT,ISLE OF WIGHT,PO30 5TG,20120401,0,J,"St. Mary's Hospital, Parkhurst Rd, Newport PO30 5TG, UK",50.7108095,-1.3013053
5,R1G,TORBAY AND SOUTHERN DEVON HEALTH AND CARE NHS TRUST,Y57,Q80,"BAY HOUSE, UNIT 2",TORQUAY,DEVON,TQ2 7TD,20120401,0,K,"Riviera Park, 7TD, Nicholson Rd, Torquay TQ2 7TD, UK",50.4877712,-3.5527913
6,R1H,BARTS HEALTH NHS TRUST,Y56,Q71,THE ROYAL LONDON HOSPITAL,LONDON,GREATER LONDON,E1 1BB,20120401,0,H,"Whitechapel Rd, Whitechapel, London E1 1FR, UK",51.5182221,-0.0585176
7,R1J,GLOUCESTERSHIRE CARE SERVICES NHS TRUST,Y57,Q82,EDWARD JENNER COURT,GLOUCESTER,GLOUCESTERSHIRE,GL3 4AW,20130322,0,J,"Edward Jenner Court, 1010 Pioneer Ave, Brockworth, Gloucester GL3 4AW, UK",51.84695190000001,-2.1762907
8,R1K,LONDON NORTH WEST HEALTHCARE NHS TRUST,Y56,Q71,NORTHWICK PARK HOSPITAL,HARROW,MIDDLESEX,HA1 3UJ,20141001,0,H,"Watford Rd, Harrow HA1 3UJ, UK",51.57515009999999,-0.3195181
9,RA2,ROYAL SURREY COUNTY HOSPITAL NHS FOUNDATION TRUST,Y57,Q81,EGERTON ROAD,GUILDFORD,SURREY,GU2 7XX,19910401,0,J,"Royal Surrey County Hospital, Egerton Rd, Surrey, Guildford GU2 7XX, UK",51.24082989999999,-0.6076678999999999
10,RA3,WESTON AREA HEALTH NHS TRUST,Y57,Q80,WESTON GENERAL HOSPITAL,WESTON-SUPER-MARE,AVON,BS23 4TQ,19910401,0,K,"Grange Rd, Uphill, Weston-super-Mare BS23 4TQ, UK",51.3213318,-2.9714205
11,RA4,YEOVIL DISTRICT HOSPITAL NHS FOUNDATION TRUST,Y57,Q80,YEOVIL DISTRICT HOSPITAL,YEOVIL,SOMERSET,BA21 4AT,19910401,0,K,"Higher Kingston, Yeovil BA21 4AT, UK",50.9448415,-2.6345485
12,RA7,UNIVERSITY HOSPITALS BRISTOL NHS FOUNDATION TRUST,Y57,Q80,MARLBOROUGH STREET,BRISTOL,AVON,BS1 3NU,19910401,0,K,"Trust Headquarters, Marlborough St, Bristol BS1 3NU, UK",51.4600795,-2.5953723
13,RA9,TORBAY AND SOUTH DEVON NHS FOUNDATION TRUST,Y57,Q80,HENGRAVE HOUSE,TORQUAY,DEVON,TQ2 7AA,19910401,0,K,"Torbay Hospital, Lowes Bridge, Torquay TQ2 7AA, UK",50.4823211,-3.5539082
14,RAE,BRADFORD TEACHING HOSPITALS NHS FOUNDATION TRUST,Y54,Q72,BRADFORD ROYAL INFIRMARY,BRADFORD,WEST YORKSHIRE,BD9 6RJ,19910401,0,D,"Duckworth Ln, Bradford BD9 6RJ, UK",53.806631,-1.7966408
15,RAJ,SOUTHEND UNIVERSITY HOSPITAL NHS FOUNDATION TRUST,Y55,Q79,PRITTLEWELL CHASE,WESTCLIFF-ON-SEA,ESSEX,SS0 0RY,19910401,0,G,"Prittlewell Chase, Westcliff-on-Sea, Southend-on-Sea, Westcliff-on-Sea SS0 0RY, UK",51.5538593,0.6877327999999999
16,RAL,ROYAL FREE LONDON NHS FOUNDATION TRUST,Y56,Q71,ROYAL FREE HOSPITAL,LONDON,GREATER LONDON,NW3 2QG,19910401,0,H,"Pond St, Hampstead, London NW3 2QG, UK",51.55314749999999,-0.1659994
17,RAN,ROYAL NATIONAL ORTHOPAEDIC HOSPITAL NHS TRUST,Y56,Q71,BROCKLEY HILL,STANMORE,MIDDLESEX,HA7 4LP,19910401,0,H,"Brockley Hill, Stanmore HA7 4LP, UK",51.6316218,-0.3106811
18,RAP,NORTH MIDDLESEX UNIVERSITY HOSPITAL NHS TRUST,Y56,Q71,STERLING WAY,LONDON,GREATER LONDON,N18 1QX,19910401,0,H,"Sterling Way, London N18 1QX, UK",51.6131219,-0.07434059999999999
19,RAS,THE HILLINGDON HOSPITALS NHS FOUNDATION TRUST,Y56,Q71,PIELD HEATH ROAD,UXBRIDGE,MIDDLESEX,UB8 3NN,19910401,0,H,"Pield Heath Rd, Uxbridge UB8 3NN, UK",51.5252078,-0.4612385
20,RAT,NORTH EAST LONDON NHS FOUNDATION TRUST,Y56,Q71,TANTALLON HOUSE,ILFORD,ESSEX,IG3 8XJ,20010401,0,H,"157 Barley Ln, Goodmayes, Ilford IG3 8XJ, UK",51.576249,0.111307
21,RAX,KINGSTON HOSPITAL NHS FOUNDATION TRUST,Y56,Q71,GALSWORTHY ROAD,KINGSTON UPON THAMES,SURREY,KT2 7QB,19910401,0,H,"Galsworthy Rd, Kingston upon Thames KT2 7QB, UK",51.4150364,-0.2820917
22,RBA,TAUNTON AND SOMERSET NHS FOUNDATION TRUST,Y57,Q80,MUSGROVE PARK HOSPITAL,TAUNTON,SOMERSET,TA1 5DA,19910401,0,K,"Parkfield Dr, Taunton TA1 5DA, UK",51.0118409,-3.120353
23,RBD,DORSET COUNTY HOSPITAL NHS FOUNDATION TRUST,Y57,Q70,DORSET COUNTY HOSPITAL,DORCHESTER,DORSET,DT1 2JY,19910401,0,J,"Williams Ave, Dorchester DT1 2JY, UK",50.7129307,-2.4460789
24,RBK,WALSALL HEALTHCARE NHS TRUST,Y55,Q77,MANOR HOSPITAL,WALSALL,WEST MIDLANDS,WS2 9PS,19910401,0,F,"Moat Rd, Walsall WS2 9PS, UK",52.583064,-1.996958
25,RBL,WIRRAL UNIVERSITY TEACHING HOSPITAL NHS FOUNDATION TRUST,Y54,Q75,ARROWE PARK HOSPITAL,WIRRAL,MERSEYSIDE,CH49 5PE,19910401,0,B,"Arrowe Park Rd, Upton, Birkenhead, Wirral CH49 5PE, UK",53.369813,-3.0953283
26,RBN,ST HELENS AND KNOWSLEY HOSPITAL SERVICES NHS TRUST,Y54,Q75,WHISTON HOSPITAL,PRESCOT,MERSEYSIDE,L35 5DR,19910401,0,B,"Warrington Rd, Prescot, Rainhill, Prescot L35 5DR, UK",53.4212302,-2.7853229
27,RBQ,LIVERPOOL HEART AND CHEST HOSPITAL NHS FOUNDATION TRUST,Y54,Q75,THOMAS DRIVE,LIVERPOOL,MERSEYSIDE,L14 3PE,19910401,0,B,"Thomas Dr, Liverpool L14 3PE, UK",53.41196799999999,-2.8995803
28,RBS,ALDER HEY CHILDREN'S NHS FOUNDATION TRUST,Y54,Q75,ALDER HEY HOSPITAL,LIVERPOOL,MERSEYSIDE,L12 2AP,19910401,0,B,"E Prescot Rd, Liverpool L12 2AP, UK",53.4182241,-2.8960518
29,RBT,MID CHESHIRE HOSPITALS NHS FOUNDATION TRUST,Y54,Q75,LEIGHTON HOSPITAL,CREWE,CHESHIRE,CW1 4QJ,19910401,0,B,"Middlewich Rd, Crewe CW1 4QJ, UK",53.1184442,-2.4765188
30,RBV,THE CHRISTIE NHS FOUNDATION TRUST,Y54,Q83,550 WILMSLOW ROAD,MANCHESTER,GREATER MANCHESTER,M20 4BX,19910401,1,B,"Wilmslow Rd, Manchester M20 4BX, UK",53.4299933,-2.2304992
31,RBZ,NORTHERN DEVON HEALTHCARE NHS TRUST,Y57,Q80,NORTH DEVON DISTRICT HOSPITAL,BARNSTAPLE,DEVON,EX31 4JB,19910401,0,K,"Raleigh Heights, Barnstaple EX31 4JB, UK",51.0924056,-4.0506281
32,RC1,BEDFORD HOSPITAL NHS TRUST,Y55,Q78,SOUTH WING,BEDFORD,BEDFORDSHIRE,MK42 9DJ,19920401,0,E,"South Wing, Kempston Rd, Bedford MK42 9DJ, UK",52.1286828,-0.4732228
33,RC9,LUTON AND DUNSTABLE UNIVERSITY HOSPITAL NHS FOUNDATION TRUST,Y55,Q78,LEWSEY ROAD,LUTON,BEDFORDSHIRE,LU4 0DZ,19920401,0,E,"The L&D Hospital, NHS Foundation Trust, Lewsey Rd, Luton LU4 0DZ, UK",51.8947933,-0.4746371
34,RCB,YORK TEACHING HOSPITAL NHS FOUNDATION TRUST,Y54,Q72,YORK HOSPITAL,YORK,NORTH YORKSHIRE,YO31 8HE,19920401,0,D,"Wigginton Rd, Clifton, York YO31 8HE, UK",53.9699846,-1.0835525
35,RCD,HARROGATE AND DISTRICT NHS FOUNDATION TRUST,Y54,Q72,STRAYSIDE WING,HARROGATE,NORTH YORKSHIRE,HG2 7SX,19920401,0,D,"Lancaster Park Rd, Harrogate HG2 7SX, UK",53.99363959999999,-1.5176764
36,RCF,AIREDALE NHS FOUNDATION TRUST,Y54,Q72,AIREDALE GENERAL HOSPITAL,KEIGHLEY,WEST YORKSHIRE,BD20 6TD,19920401,0,D,"Skipton Rd, Steeton, Keighley BD20 6TD, UK",53.89774389999999,-1.964165
37,RCU,SHEFFIELD CHILDREN'S NHS FOUNDATION TRUST,Y54,Q72,WESTERN BANK,SHEFFIELD,SOUTH YORKSHIRE,S10 2TH,19920401,0,D,"295 Western Bank, Broomhall, Sheffield S10 2TJ, UK",53.3809455,-1.491998
38,RCX,"THE QUEEN ELIZABETH HOSPITAL, KING'S LYNN, NHS FOUNDATION TRUST",Y55,Q79,QUEEN ELIZABETH HOSPITAL,KINGS LYNN,NORFOLK,PE30 4ET,19920401,0,G,"Gayton Rd, King's Lynn PE30 4ET, UK",52.7564633,0.4462463
39,RD1,ROYAL UNITED HOSPITALS BATH NHS FOUNDATION TRUST,Y57,Q82,COMBE PARK,BATH,AVON,BA1 3NG,19920401,0,J,"Combe Park, Bath, Avon BA1 3NG, UK",51.3918072,-2.3907418
40,RD3,POOLE HOSPITAL NHS FOUNDATION TRUST,Y57,Q70,LONGFLEET ROAD,POOLE,DORSET,BH15 2JB,19920401,0,J,"Longfleet Rd, Poole BH15 2JB, UK",50.7218666,-1.9728348
41,RD8,MILTON KEYNES UNIVERSITY HOSPITAL NHS FOUNDATION TRUST,Y55,Q78,STANDING WAY,MILTON KEYNES,BUCKINGHAMSHIRE,MK6 5LD,19920401,0,E,"Standing Way, Eaglestone, Milton Keynes MK6 5LD, UK",52.0262227,-0.7372234
42,RDD,BASILDON AND THURROCK UNIVERSITY HOSPITALS NHS FOUNDATION TRUST,Y55,Q79,BASILDON HOSPITAL,BASILDON,ESSEX,SS16 5NL,19920401,0,G,"Nether Mayne, Basildon SS16 5NL, UK",51.5581745,0.4522163999999999
43,RDE,COLCHESTER HOSPITAL UNIVERSITY NHS FOUNDATION TRUST,Y55,Q79,COLCHESTER DISTRICT GENERAL HO,COLCHESTER,ESSEX,CO4 5JL,19920401,0,G,"Turner Rd, Mile End, Colchester CO4 5JL, UK",51.9098567,0.8988999000000001
44,RDR,SUSSEX COMMUNITY NHS FOUNDATION TRUST,Y57,Q81,BRIGHTON GENERAL HOSPITAL,BRIGHTON,EAST SUSSEX,BN2 3EW,19920401,1,J,"Elm Grove, Brighton BN2 3EW, UK",50.8312983,-0.1146798
45,RDU,FRIMLEY HEALTH NHS FOUNDATION TRUST,Y57,Q81,PORTSMOUTH ROAD,CAMBERLEY,SURREY,GU16 7UJ,19920401,0,J,"Portsmouth Rd, Frimley, Camberley GU16 7UJ, UK",51.319438,-0.7405398999999999
46,RDY,DORSET HEALTHCARE UNIVERSITY NHS FOUNDATION TRUST,Y57,Q70,SENTINEL HOUSE,POOLE,DORSET,BH17 0RB,19920401,0,J,"Sentinel House, 4-6 Nuffield Rd, Nuffield Industrial Estate, Poole BH17 0RB, UK",50.7391255,-1.9789726
47,RDZ,THE ROYAL BOURNEMOUTH AND CHRISTCHURCH HOSPITALS NHS FOUNDATION TRUST,Y57,Q70,ROYAL BOURNEMOUTH GENERAL HOSPITAL,BOURNEMOUTH,DORSET,BH7 7DW,19920401,0,J,"Castle Ln E, Bournemouth BH7 7DW, UK",50.7469629,-1.821717
48,RE9,SOUTH TYNESIDE NHS FOUNDATION TRUST,Y54,Q74,SOUTH TYNESIDE DISTRICT HOSPITAL,SOUTH SHIELDS,TYNE AND WEAR,NE34 0PL,19930401,0,A,"Harton Ln, South Shields NE34 0PL, UK",54.9714091,-1.4277704
49,REF,ROYAL CORNWALL HOSPITALS NHS TRUST,Y57,Q80,ROYAL CORNWALL HOSPITAL,TRURO,CORNWALL,TR1 3LJ,19920401,0,K,"Treliske, Truro TR1 3LQ, UK",50.265969,-5.0919219
50,REM,AINTREE UNIVERSITY HOSPITAL NHS FOUNDATION TRUST,Y54,Q75,UNIVERSITY HOSPITAL AINTREE,LIVERPOOL,MERSEYSIDE,L9 7AL,19920401,0,B,"Lower Ln, Liverpool L9 7AL, UK",53.4656706,-2.9317603
51,REN,THE CLATTERBRIDGE CANCER CENTRE NHS FOUNDATION TRUST,Y54,Q75,CLATTERBRIDGE ROAD,WIRRAL,MERSEYSIDE,CH63 4JY,19920401,0,B,"Clatterbridge Rd, Birkenhead, Wirral CH63 4JY, UK",53.3316002,-3.0286055
52,REP,LIVERPOOL WOMEN'S NHS FOUNDATION TRUST,Y54,Q75,LIVERPOOL WOMENS HOSPITAL,LIVERPOOL,MERSEYSIDE,L8 7SS,19920401,0,B,"Crown St, Liverpool L8 7SS, UK",53.398919,-2.959683
53,RET,THE WALTON CENTRE NHS FOUNDATION TRUST,Y54,Q75,LOWER LANE,LIVERPOOL,MERSEYSIDE,L9 7LJ,19920401,0,B,"Lower Ln, Liverpool L9 7LJ, UK",53.46643520000001,-2.9308819
54,RF4,"BARKING, HAVERING AND REDBRIDGE UNIVERSITY HOSPITALS NHS TRUST",Y56,Q71,QUEENS HOSPITAL,ROMFORD,ESSEX,RM7 0AG,20010401,0,H,"Queen's Hospital, Rom Valley Way, Romford RM7 0AG, UK",51.5689553,0.1790309
55,RFF,BARNSLEY HOSPITAL NHS FOUNDATION TRUST,Y54,Q72,GAWBER ROAD,BARNSLEY,SOUTH YORKSHIRE,S75 2EP,19930401,0,D,"Gawber Rd, Barnsley S75 2EP, UK",53.5585827,-1.4958261
56,RFR,THE ROTHERHAM NHS FOUNDATION TRUST,Y54,Q72,MOORGATE ROAD,ROTHERHAM,SOUTH YORKSHIRE,S60 2UD,19930401,0,D,"Moorgate Rd, Rotherham S60 2UD, UK",53.4142658,-1.3425348
57,RFS,CHESTERFIELD ROYAL HOSPITAL NHS FOUNDATION TRUST,Y55,Q76,CALOW,CHESTERFIELD,DERBYSHIRE,S44 5BL,19930401,0,E,"Chesterfield Rd, Calow, Chesterfield S44 5BL, UK",53.2364336,-1.3974218
58,RFW,WEST MIDDLESEX UNIVERSITY HOSPITAL NHS TRUST,Y56,Q71,TWICKENHAM ROAD,ISLEWORTH,MIDDLESEX,TW7 6AF,19930401,0,H,"Twickenham Rd, Isleworth TW7 6AF, UK",51.473278,-0.3243848
59,RGD,LEEDS AND YORK PARTNERSHIP NHS FOUNDATION TRUST,Y54,Q72,TWENTY ONE FIFTY,LEEDS,WEST YORKSHIRE,LS15 8ZB,19930401,0,D,"2150 Century Way, Thorpe Park Gardens, Leeds LS15 8ZB, UK",53.7959442,-1.4257764
60,RGM,PAPWORTH HOSPITAL NHS FOUNDATION TRUST,Y55,Q79,PAPWORTH EVERARD,CAMBRIDGE,CAMBRIDGESHIRE,CB23 3RE,19930401,0,G,"Bernard Sunley Centre, Papworth Everard CB23 3RG, UK",52.247615,-0.117577
61,RGN,PETERBOROUGH AND STAMFORD HOSPITALS NHS FOUNDATION TRUST,Y55,Q79,EDITH CAVELL HOSPITAL,PETERBOROUGH,CAMBRIDGESHIRE,PE3 9GZ,19930401,0,G,"Edith Cavell Campus, Bretton Gate, Peterborough PE3 9GZ, UK",52.5837926,-0.2785687
62,RGP,JAMES PAGET UNIVERSITY HOSPITALS NHS FOUNDATION TRUST,Y55,Q79,LOWESTOFT ROAD,GREAT YARMOUTH,NORFOLK,NR31 6LA,19930401,0,G,"Lowestoft Road Gorleston-on-Sea, Great Yarmouth, Gorleston-on-Sea, Great Yarmouth NR31 6LA, UK",52.5618322,1.7178975
63,RGQ,IPSWICH HOSPITAL NHS TRUST,Y55,Q79,HEATH ROAD,IPSWICH,SUFFOLK,IP4 5PD,19930401,0,G,"Heath Rd, Ipswich IP4 5PD, UK",52.0591497,1.1975805
64,RGR,WEST SUFFOLK NHS FOUNDATION TRUST,Y55,Q79,HARDWICK LANE,BURY ST EDMUNDS,SUFFOLK,IP33 2QZ,19930401,0,G,"Hardwick Ln, Bury St Edmunds, Bury Saint Edmunds IP33 2QZ, UK",52.2316146,0.709248
65,RGT,CAMBRIDGE UNIVERSITY HOSPITALS NHS FOUNDATION TRUST,Y55,Q79,ADDENBROOKES HOSPITAL,CAMBRIDGE,CAMBRIDGESHIRE,CB2 0QQ,19930401,0,G,"Hills Rd, Cambridge CB2 0QQ, UK",52.1751006,0.1407275
66,RH5,SOMERSET PARTNERSHIP NHS FOUNDATION TRUST,Y57,Q80,2ND FLOOR,BRIDGWATER,SOMERSET,TA6 4RN,19930401,0,K,"Bridgwater TA6 4RN, UK",51.14691,-2.9958832
67,RH8,ROYAL DEVON AND EXETER NHS FOUNDATION TRUST,Y57,Q80,ROYAL DEVON & EXETER HOSPITAL,EXETER,DEVON,EX2 5DW,19930401,0,K,"Exeter EX2 5DW, UK",50.7165311,-3.5100737
68,RHA,NOTTINGHAMSHIRE HEALTHCARE NHS FOUNDATION TRUST,Y55,Q76,"THE RESOURCE, TRUST HQ",NOTTINGHAM,NOTTINGHAMSHIRE,NG3 6AA,20010401,0,E,"Duncan MacMillan House, Porchester Rd, Mapperley, Nottingham NG3 6AA, UK",52.9793569,-1.1262896
69,RHM,UNIVERSITY HOSPITAL SOUTHAMPTON NHS FOUNDATION TRUST,Y57,Q70,MAILPOINT 18,SOUTHAMPTON,HAMPSHIRE,SO16 6YD,19930401,0,J,"Southampton SO16 6YD, UK",50.9334827,-1.4348494
70,RHQ,SHEFFIELD TEACHING HOSPITALS NHS FOUNDATION TRUST,Y54,Q72,NORTHERN GENERAL HOSPITAL,SHEFFIELD,SOUTH YORKSHIRE,S5 7AU,20010401,0,D,"Herries Rd, Sheffield S5 7AU, UK",53.4104758,-1.4562902
71,RHU,PORTSMOUTH HOSPITALS NHS TRUST,Y57,Q70,DE LA COURT HOUSE,PORTSMOUTH,HAMPSHIRE,PO6 3LY,19930401,0,J,"Cosham, Portsmouth PO6 3LY, UK",50.84998299999999,-1.0700809
72,RHW,ROYAL BERKSHIRE NHS FOUNDATION TRUST,Y57,Q82,ROYAL BERKSHIRE HOSPITAL,READING,BERKSHIRE,RG1 5AN,19930401,0,J,"London Rd, Reading RG1 5AN, UK",51.4494365,-0.9571647000000001
73,RJ1,GUY'S AND ST THOMAS' NHS FOUNDATION TRUST,Y56,Q71,TRUST OFFICES,LONDON,GREATER LONDON,SE1 9RT,19930401,0,H,"Great Maze Pond, London SE1 9RT, UK",51.5031922,-0.08679279999999999
74,RJ2,LEWISHAM AND GREENWICH NHS TRUST,Y56,Q71,UNIVERSITY HOSPITAL LEWISHAM,LONDON,GREATER LONDON,SE13 6LH,19930401,0,H,"Lewisham High St, London SE13 6LH, UK",51.45306249999999,-0.0170139
75,RJ6,CROYDON HEALTH SERVICES NHS TRUST,Y56,Q71,CROYDON UNIVERSITY HOSPITAL,THORNTON HEATH,SURREY,CR7 7YE,19930401,0,H,"530 London Rd, Thornton Heath CR7 7YE, UK",51.3892939,-0.1111861
76,RJ7,ST GEORGE'S UNIVERSITY HOSPITALS NHS FOUNDATION TRUST,Y56,Q71,ST GEORGE'S HOSPITAL,LONDON,GREATER LONDON,SW17 0QT,19930401,0,H,"Blackshaw Rd, Tooting, London SW17 0QT, UK",51.42656299999999,-0.1752284
77,RJ8,CORNWALL PARTNERSHIP NHS FOUNDATION TRUST,Y57,Q80,PORTHPEAN ROAD,ST AUSTELL,CORNWALL,PL26 6AD,19930401,0,K,"Porthpean Rd, Saint Austell PL26 6AA, UK",50.3271415,-4.7730505
78,RJC,SOUTH WARWICKSHIRE NHS FOUNDATION TRUST,Y55,Q77,WARWICK HOSPITAL,WARWICK,WARWICKSHIRE,CV34 5BW,19930401,0,F,"Lakin Rd, Warwick CV34 5BW, UK",52.2903799,-1.5837413
79,RJD,MID STAFFORDSHIRE NHS FOUNDATION TRUST,Y55,Q76,STAFFORD HOSPITAL,STAFFORD,STAFFORDSHIRE,ST16 3SA,19930401,0,E,"Weston Rd, Stafford ST16 3SA, UK",52.8117189,-2.0985139
80,RJE,UNIVERSITY HOSPITALS OF NORTH MIDLANDS NHS TRUST,Y55,Q76,NEWCASTLE ROAD,STOKE-ON-TRENT,STAFFORDSHIRE,ST4 6QG,19930401,0,E,"Newcastle Rd, Stoke-on-Trent ST4 6QG, UK",53.0038144,-2.2129403
81,RJF,BURTON HOSPITALS NHS FOUNDATION TRUST,Y55,Q76,QUEEN'S HOSPITAL,BURTON-ON-TRENT,STAFFORDSHIRE,DE13 0RB,19930401,0,E,"Belvedere Rd, Burton-on-Trent DE15 0RB, UK",52.8174812,-1.6558989
82,RJL,NORTHERN LINCOLNSHIRE AND GOOLE NHS FOUNDATION TRUST,Y54,Q72,DIANA PRINCESS OF WALES HOSPITAL,GRIMSBY,SOUTH HUMBERSIDE,DN33 2BA,20010401,0,D,"Scartho Rd, Grimsby DN33 2BA, UK",53.544828,-0.095144
83,RJN,EAST CHESHIRE NHS TRUST,Y54,Q75,MACCLESFIELD DISTRICT GEN HOSPITAL,MACCLESFIELD,CHESHIRE,SK10 3BL,19930401,0,B,"Victoria Rd, Macclesfield SK10 3BL, UK",53.2618713,-2.1406887
84,RJR,COUNTESS OF CHESTER HOSPITAL NHS FOUNDATION TRUST,Y54,Q75,THE COUNTESS OF CHESTER HEALTH PARK,CHESTER,CHESHIRE,CH2 1UL,19930401,0,B,"The Countess Of Chester Health Park, Liverpool Rd, Chester CH2 1UL, UK",53.2098063,-2.8972333
85,RJX,CALDERSTONES PARTNERSHIP NHS FOUNDATION TRUST,Y54,Q84,MITTON ROAD,CLITHEROE,LANCASHIRE,BB7 9PE,19930401,1,B,"Mitton Rd, Whalley, Clitheroe BB7 9PE, UK",53.8296451,-2.4237288
86,RJZ,KING'S COLLEGE HOSPITAL NHS FOUNDATION TRUST,Y56,Q71,DENMARK HILL,LONDON,GREATER LONDON,SE5 9RS,19930401,0,H,"Denmark Hill, Brixton, London SE5 9RS, UK",51.46839079999999,-0.0929673
87,RK5,SHERWOOD FOREST HOSPITALS NHS FOUNDATION TRUST,Y55,Q76,MANSFIELD ROAD,SUTTON-IN-ASHFIELD,NOTTINGHAMSHIRE,NG17 4JL,19940401,0,E,"Millbrook Unit /Mansfield Road, Skegby, Sutton-in-Ashfield NG17 4JT, UK",53.1396126,-1.2488214
88,RK9,PLYMOUTH HOSPITALS NHS TRUST,Y57,Q80,DERRIFORD HOSPITAL,PLYMOUTH,DEVON,PL6 8DH,19940401,0,K,"Derriford Rd, Plymouth PL6 8DH, UK",50.4166994,-4.1164075
89,RKB,UNIVERSITY HOSPITALS COVENTRY AND WARWICKSHIRE NHS TRUST,Y55,Q77,WALSGRAVE GENERAL HOSPITAL,COVENTRY,WEST MIDLANDS,CV2 2DX,19930401,0,F,"Clifford Bridge Rd, Coventry CV2 2DX, UK",52.4211586,-1.4376872
90,RKE,THE WHITTINGTON HOSPITAL NHS TRUST,Y56,Q71,THE WHITTINGTON HOSPITAL,LONDON,GREATER LONDON,N19 5NF,19930401,0,H,"Magdala Ave, London N19 5NF, UK",51.5665092,-0.1393766
91,RKL,WEST LONDON MENTAL HEALTH NHS TRUST,Y56,Q71,TRUST HEADQUARTERS,SOUTHALL,MIDDLESEX,UB1 3EU,20010401,0,H,"1 Armstrong Way, Southall UB2 4SD, UK",51.5051438,-0.3572665
92,RL1,THE ROBERT JONES AND AGNES HUNT ORTHOPAEDIC HOSPITAL NHS FOUNDATION TRUST,Y55,Q76,GOBOWEN,OSWESTRY,SHROPSHIRE,SY10 7AG,19940401,0,E,"Gobowen, Oswestry SY10 7AG, UK",52.88446709999999,-3.0335905
93,RL4,THE ROYAL WOLVERHAMPTON NHS TRUST,Y55,Q77,NEW CROSS HOSPITAL,WOLVERHAMPTON,WEST MIDLANDS,WV10 0QP,19940401,0,F,"Wolverhampton Rd, Heath Town, Wolverhampton WV10 0QP, UK",52.5995052,-2.0953929
94,RLN,CITY HOSPITALS SUNDERLAND NHS FOUNDATION TRUST,Y54,Q74,SUNDERLAND ROYAL HOSPITAL,SUNDERLAND,TYNE AND WEAR,SR4 7TP,19940401,0,A,"Kayll Rd, Sunderland SR4 7TP, UK",54.90257159999999,-1.4088356
95,RLQ,WYE VALLEY NHS TRUST,Y55,Q77,COUNTY HOSPITAL,HEREFORD,HEREFORDSHIRE,HR1 2ER,19940401,0,F,"Stonebow Rd, Hereford HR1 2ER, UK",52.0574483,-2.7058348
96,RLT,GEORGE ELIOT HOSPITAL NHS TRUST,Y55,Q77,LEWES HOUSE,NUNEATON,WARWICKSHIRE,CV10 7DJ,19940401,0,F,"College St, Nuneaton CV10 7DJ, UK",52.5118749,-1.4760659
97,RLU,BIRMINGHAM WOMEN'S NHS FOUNDATION TRUST,Y55,Q77,BIRMINGHAM WOMENS HOSPITAL,BIRMINGHAM,WEST MIDLANDS,B15 2TG,19940401,0,F,"Mindelsohn Way, Birmingham B15 2TG, UK",52.4532499,-1.9427822
98,RLY,NORTH STAFFORDSHIRE COMBINED HEALTHCARE NHS TRUST,Y55,Q76,BELLRINGER ROAD,STOKE-ON-TRENT,STAFFORDSHIRE,ST4 8HH,19940401,0,E,"Bellringer Rd, Stoke-on-Trent ST4 8HH, UK",52.9683755,-2.167723
99,RM1,NORFOLK AND NORWICH UNIVERSITY HOSPITALS NHS FOUNDATION TRUST,Y55,Q79,COLNEY LANE,NORWICH,NORFOLK,NR4 7UY,19940401,0,G,"Colney Ln, Norwich NR4 7UY, UK",52.6167851,1.2209677
100,RM2,UNIVERSITY HOSPITAL OF SOUTH MANCHESTER NHS FOUNDATION TRUST,Y54,Q83,WYTHENSHAWE HOSPITAL,MANCHESTER,GREATER MANCHESTER,M23 9LT,19940401,1,B,"Southmoor Rd, Roundthorn Industrial Estate, Wythenshawe, Manchester M23 9LT, UK",53.3890992,-2.2930844
101,RM3,SALFORD ROYAL NHS FOUNDATION TRUST,Y54,Q83,SALFORD ROYAL,SALFORD,GREATER MANCHESTER,M6 8HD,19940401,1,B,"Stott Ln, Salford M6 8HD, UK",53.487482,-2.3238955
102,RMC,BOLTON NHS FOUNDATION TRUST,Y54,Q83,THE ROYAL BOLTON HOSPITAL,BOLTON,LANCASHIRE,BL4 0JR,19940401,1,B,"Minerva Rd, Bolton, Farnworth, Bolton BL4 0JR, UK",53.5524262,-2.4300561
103,RMP,TAMESIDE HOSPITAL NHS FOUNDATION TRUST,Y54,Q83,TAMESIDE GENERAL HOSPITAL,ASHTON-UNDER-LYNE,LANCASHIRE,OL6 9RW,19940401,1,B,"Fountain St, Ashton-under-Lyne OL6 9RW, UK",53.49309950000001,-2.0715971
104,RMY,NORFOLK AND SUFFOLK NHS FOUNDATION TRUST,Y55,Q79,HELLESDON HOSPITAL,NORWICH,NORFOLK,NR6 5BE,19940401,0,G,"Drayton High Rd, Norwich NR6 5BE, UK",52.6597928,1.2515403
105,RN3,GREAT WESTERN HOSPITALS NHS FOUNDATION TRUST,Y57,Q82,GREAT WESTERN HOSPITAL,SWINDON,WILTSHIRE,SN3 6BB,19940401,0,J,"Marlborough Rd, Swindon SN3 6BB, UK",51.538415,-1.7273262
106,RN5,HAMPSHIRE HOSPITALS NHS FOUNDATION TRUST,Y57,Q70,ALDERMASTON ROAD,BASINGSTOKE,HAMPSHIRE,RG24 9NA,19940401,0,J,"Sherborne, Aldermaston Rd, Basingstoke RG24 9NA, UK",51.2815331,-1.1109303
107,RN7,DARTFORD AND GRAVESHAM NHS TRUST,Y57,Q81,DARENT VALLEY HOSPITAL,DARTFORD,KENT,DA2 8DA,19940401,0,J,"Darenth Wood Rd, Dartford DA2 8DA, UK",51.4353686,0.2589221
108,RNA,THE DUDLEY GROUP NHS FOUNDATION TRUST,Y55,Q77,C BLOCK,DUDLEY,WEST MIDLANDS,DY1 2HQ,19940401,0,F,"Dudley DY1 2HQ, UK",52.50193669999999,-2.1186494
109,RNK,TAVISTOCK AND PORTMAN NHS FOUNDATION TRUST,Y56,Q71,THE TAVISTOCK CENTRE,LONDON,GREATER LONDON,NW3 5BA,19940401,0,H,"120 Belsize Ln, London NW3 5BA, UK",51.5468208,-0.1752228
110,RNL,NORTH CUMBRIA UNIVERSITY HOSPITALS NHS TRUST,Y54,Q74,WEST CUMBERLAND HOSPITAL,WHITEHAVEN,CUMBRIA,CA28 8JG,20010401,0,A,"Homewood Rd, Hensingham, Whitehaven CA28 8JG, UK",54.5302041,-3.5631756
111,RNN,CUMBRIA PARTNERSHIP NHS FOUNDATION TRUST,Y54,Q74,CARLETON CLINIC,CARLISLE,CUMBRIA,CA1 3SX,20010401,0,A,"Cumwhinton Dr, Carlisle CA1 3SX, UK",54.8723663,-2.8803265
112,RNQ,KETTERING GENERAL HOSPITAL NHS FOUNDATION TRUST,Y55,Q78,ROTHWELL ROAD,KETTERING,NORTHAMPTONSHIRE,NN16 8UZ,19940401,0,E,"Rothwell Rd, Kettering NN16 8UZ, UK",52.4018398,-0.7416706
113,RNS,NORTHAMPTON GENERAL HOSPITAL NHS TRUST,Y55,Q78,CLIFTONVILLE,NORTHAMPTON,NORTHAMPTONSHIRE,NN1 5BD,19940401,0,E,"Cliftonville Rd, Northampton NN1 5BD, UK",52.2350728,-0.8795225999999999
114,RNU,OXFORD HEALTH NHS FOUNDATION TRUST,Y57,Q82,CORPORATE HEADQUARTERS,OXFORD,OXFORDSHIRE,OX4 2GX,19940401,0,J,"3500 John Smith Dr, Oxford OX4 2WB, UK",51.7283103,-1.2084723
115,RNZ,SALISBURY NHS FOUNDATION TRUST,Y57,Q82,SALISBURY DISTRICT HOSPITAL,SALISBURY,WILTSHIRE,SP2 8BJ,19940401,0,J,"Odstock Rd, Salisbury SP2 8BJ, UK",51.0452592,-1.7883697
116,RP1,NORTHAMPTONSHIRE HEALTHCARE NHS FOUNDATION TRUST,Y55,Q78,SUDBOROUGH HOUSE,KETTERING,NORTHAMPTONSHIRE,NN15 7PW,20010401,0,E,"Kettering NN15 7RJ, UK",52.3929699,-0.7207988
117,RP4,GREAT ORMOND STREET HOSPITAL FOR CHILDREN NHS FOUNDATION TRUST,Y56,Q71,GREAT ORMOND STREET,LONDON,GREATER LONDON,WC1N 3JH,19940401,0,H,"Great Ormond Street, Holborn, London WC1N 3JH, UK",51.5218626,-0.1207462
118,RP5,DONCASTER AND BASSETLAW HOSPITALS NHS FOUNDATION TRUST,Y54,Q72,DONCASTER ROYAL INFIRMARY,DONCASTER,SOUTH YORKSHIRE,DN2 5LT,20010401,0,D,"Thorne Rd, Doncaster DN2 5LT, UK",53.5308139,-1.1095729
119,RP6,MOORFIELDS EYE HOSPITAL NHS FOUNDATION TRUST,Y56,Q71,162 CITY ROAD,LONDON,GREATER LONDON,EC1V 2PD,19940401,0,H,"162 City Rd, London EC1V 2PD, UK",51.5276377,-0.0897774
120,RP7,LINCOLNSHIRE PARTNERSHIP NHS FOUNDATION TRUST,Y55,Q78,UNIT'S 8 & 9,SLEAFORD,LINCOLNSHIRE,NG34 8GG,20010401,0,E,"8, THE POINT, Lions Way, Sleaford NG34 8GG, UK",53.00896849999999,-0.3927797
121,RPA,MEDWAY NHS FOUNDATION TRUST,Y57,Q81,MEDWAY MARITIME HOSPITAL,GILLINGHAM,KENT,ME7 5NY,19940401,0,J,"Windmill Road, Gillingham, Kent ME7 5NY, UK",51.3796444,0.5416722
122,RPC,QUEEN VICTORIA HOSPITAL NHS FOUNDATION TRUST,Y57,Q81,HOLTYE ROAD,EAST GRINSTEAD,WEST SUSSEX,RH19 3DZ,19940401,0,J,"Holtye Rd, East Grinstead RH19 3DZ, UK",51.1353453,-0.0018081
123,RPG,OXLEAS NHS FOUNDATION TRUST,Y56,Q71,PINEWOOD HOUSE,DARTFORD,KENT,DA2 7WG,19940401,0,H,"Pinewood House, Pinewood Pl, Dartford, Bexley DA2 7WG, UK",51.434337,0.174886
124,RPY,THE ROYAL MARSDEN NHS FOUNDATION TRUST,Y56,Q71,FULHAM ROAD,LONDON,GREATER LONDON,SW3 6JJ,19940401,0,H,"203 Fulham Rd, Chelsea, London SW3 6JJ, UK",51.4908767,-0.1727996
125,RQ3,BIRMINGHAM CHILDREN'S HOSPITAL NHS FOUNDATION TRUST,Y55,Q77,STEELHOUSE LANE,BIRMINGHAM,WEST MIDLANDS,B4 6NH,19950401,0,F,"Steelhouse Ln, Birmingham B4 6NH, UK",52.4847654,-1.8937147
126,RQ6,ROYAL LIVERPOOL AND BROADGREEN UNIVERSITY HOSPITALS NHS TRUST,Y54,Q75,ROYAL LIVERPOOL UNIVERSITY HOSPITAL,LIVERPOOL,MERSEYSIDE,L7 8XP,19950401,0,B,"Prescot St, Liverpool L7 8XP, UK",53.4093831,-2.9641248
127,RQ8,MID ESSEX HOSPITAL SERVICES NHS TRUST,Y55,Q79,BROOMFIELD HOSPITAL,CHELMSFORD,ESSEX,CM1 7ET,19950401,0,G,"Court Rd, Broomfield, Chelmsford CM1 7ET, UK",51.7744639,0.4667492
128,RQF,VELINDRE NHS TRUST,W00,Q99,UNIT 2,CARDIFF,SOUTH GLAMORGAN,CF15 7QZ,19940401,0,W,"Unit 2 Charnwood Court Heol Billingsley, Parc, Nantgarw, Cardiff CF15 7QZ, UK",51.5661153,-3.2775059
129,RQM,CHELSEA AND WESTMINSTER HOSPITAL NHS FOUNDATION TRUST,Y56,Q71,CHELSEA & WESTMINSTER HOSPITAL,LONDON,GREATER LONDON,SW10 9NH,19940401,0,H,"369 Fulham Rd, Chelsea, London SW10 9NH, UK",51.4849533,-0.182401
130,RQQ,HINCHINGBROOKE HEALTH CARE NHS TRUST,Y55,Q79,HINCHINGBROOKE HOSPITAL,HUNTINGDON,CAMBRIDGESHIRE,PE29 6NT,19950401,0,G,"Parkway Hinchingbrooke, Huntingdon PE29 6NT, UK",52.3329591,-0.2028351
131,RQW,THE PRINCESS ALEXANDRA HOSPITAL NHS TRUST,Y55,Q79,HAMSTEL ROAD,HARLOW,ESSEX,CM20 1QX,19950401,0,G,"Hamstel Rd, Harlow CM20 1QX, UK",51.77134299999999,0.08630349999999999
132,RQX,HOMERTON UNIVERSITY HOSPITAL NHS FOUNDATION TRUST,Y56,Q71,HOMERTON ROW,LONDON,GREATER LONDON,E9 6SR,19950401,0,H,"Homerton Row, Clapton, London E9 6SR, UK",51.5504182,-0.0461232
133,RQY,SOUTH WEST LONDON AND ST GEORGE'S MENTAL HEALTH NHS TRUST,Y56,Q71,SPRINGFIELD HOSPITAL,LONDON,GREATER LONDON,SW17 7DJ,19950401,0,H,"61 Glenburnie Rd, London SW17 7DJ, UK",51.4369932,-0.1702364
134,RR1,HEART OF ENGLAND NHS FOUNDATION TRUST,Y55,Q77,BIRMINGHAM HEARTLANDS HOSPITAL,BIRMINGHAM,WEST MIDLANDS,B9 5ST,19960401,0,F,"Bordesley Green E, Birmingham B9 5SS, UK",52.47878499999999,-1.8297333
135,RR7,GATESHEAD HEALTH NHS FOUNDATION TRUST,Y54,Q74,QUEEN ELIZABETH HOSPITAL,GATESHEAD,TYNE AND WEAR,NE9 6SX,19980401,0,A,"Queen Elizabeth Ave, Gateshead NE9 6SX, UK",54.9385771,-1.5821895
136,RR8,LEEDS TEACHING HOSPITALS NHS TRUST,Y54,Q72,ST. JAMES'S UNIVERSITY HOSPITAL,LEEDS,WEST YORKSHIRE,LS9 7TF,19980401,0,D,"Beckett St, Harehills, Leeds LS9 7TF, UK",53.8076035,-1.5220971
137,RRD,NORTH ESSEX PARTNERSHIP UNIVERSITY NHS FOUNDATION TRUST,Y55,Q79,STAPLEFORD HOUSE,CHELMSFORD,ESSEX,CM2 0QX,20010401,0,G,"Stapleford House, 103 Stapleford Cl, Chelmsford CM2 0QX, UK",51.7299916,0.4663346
138,RRE,SOUTH STAFFORDSHIRE AND SHROPSHIRE HEALTHCARE NHS FOUNDATION TRUST,Y55,Q76,TRUST HEADQUARTERS,STAFFORD,STAFFORDSHIRE,ST16 3SR,20010401,0,E,"Trust Headquarters, Trust Head Quaters Mellor House, Corporation St, Stafford ST16 3SR, UK",52.8105646,-2.1091147
139,RRF,"WRIGHTINGTON, WIGAN AND LEIGH NHS FOUNDATION TRUST",Y54,Q83,THE ELMS,WIGAN,LANCASHIRE,WN1 2NN,20010401,1,B,"Wigan Ln, Wigan WN1 2NN, UK",53.5581785,-2.6294065
140,RRJ,THE ROYAL ORTHOPAEDIC HOSPITAL NHS FOUNDATION TRUST,Y55,Q77,THE WOODLANDS,BIRMINGHAM,WEST MIDLANDS,B31 2AP,19950401,0,F,"The Woodlands, Bristol Rd S, Birmingham B31 2AP, UK",52.4206157,-1.9612097
141,RRK,UNIVERSITY HOSPITALS BIRMINGHAM NHS FOUNDATION TRUST,Y55,Q77,"TRUST HQ, PO BOX 9551",BIRMINGHAM,WEST MIDLANDS,B15 2TH,19950401,0,F,"Birmingham B15 2TH, UK",52.453272,-1.9362834
142,RRP,"BARNET, ENFIELD AND HARINGEY MENTAL HEALTH NHS TRUST",Y56,Q71,TRUST HEADQUARTERS BLOCK B2,LONDON,GREATER LONDON,N15 3TH,20010401,0,H,"Block B2, St. Anns Hospital, St Ann's Rd, London N15 3TH, UK",51.57978319999999,-0.0882534
143,RRU,LONDON AMBULANCE SERVICE NHS TRUST,Y56,Q71,220 WATERLOO ROAD,LONDON,GREATER LONDON,SE1 8SD,19960401,0,H,"220 Waterloo Rd, South Bank, London SE1 8SD, UK",51.50060329999999,-0.1085678
144,RRV,UNIVERSITY COLLEGE LONDON HOSPITALS NHS FOUNDATION TRUST,Y56,Q71,250 EUSTON ROAD,LONDON,GREATER LONDON,NW1 2PG,19960401,0,H,"5th Floor, East, 250 Euston Rd, London NW1 2PG, UK",51.525608,-0.137147
145,RT1,CAMBRIDGESHIRE AND PETERBOROUGH NHS FOUNDATION TRUST,Y55,Q79,"ELIZABETH HOUSE, FULBOURN HOSPITAL",CAMBRIDGE,CAMBRIDGESHIRE,CB21 5EF,20020401,0,G,"Elizabeth House,, Fulbourn, Cambridge CB21 5EF, UK",52.184934,0.18769
146,RT2,PENNINE CARE NHS FOUNDATION TRUST,Y54,Q83,225 OLD STREET,ASHTON-UNDER-LYNE,LANCASHIRE,OL6 7SR,20020401,1,B,"225 Old St, Ashton-under-Lyne OL6 7SR, UK",53.4855416,-2.1004486
147,RT3,ROYAL BROMPTON & HAREFIELD NHS FOUNDATION TRUST,Y56,Q71,ROYAL BROMPTON HOSPITAL,LONDON,GREATER LONDON,SW3 6NP,19980401,0,H,"Sydney St, Chelsea, London SW3 6NP, UK",51.489249,-0.170181
148,RT4,WELSH AMBULANCE SERVICES NHS TRUST,W00,Q99,PO BOX 1064,ST ASAPH,CLWYD,LL17 0WA,19980401,0,W,"St Asaph, Saint Asaph LL17, UK",53.2577125,-3.4418762
149,RT5,LEICESTERSHIRE PARTNERSHIP NHS TRUST,Y55,Q78,RIVERSIDE HOUSE,LEICESTER,LEICESTERSHIRE,LE4 8PQ,19990401,0,E,"Riverside House Bridge Park, Plaza, Bridge Park Rd, Thurmaston, Leicester LE4 8PQ, UK",52.6765536,-1.1037628
150,RTD,THE NEWCASTLE UPON TYNE HOSPITALS NHS FOUNDATION TRUST,Y54,Q74,FREEMAN HOSPITAL,NEWCASTLE-UPON-TYNE,TYNE AND WEAR,NE7 7DN,19980401,0,A,"Freeman Rd, High Heaton, Newcastle upon Tyne NE7 7DN, UK",55.0025582,-1.5932643
151,RTE,GLOUCESTERSHIRE HOSPITALS NHS FOUNDATION TRUST,Y57,Q82,TRUST HQ,CHELTENHAM,GLOUCESTERSHIRE,GL53 7AG,20020401,0,J,"Alexandra House, Cheltenham General Hospital, Sandford Rd, Cheltenham GL53 7AN, UK",51.8922925,-2.0717316
152,RTF,NORTHUMBRIA HEALTHCARE NHS FOUNDATION TRUST,Y54,Q74,RAKE LANE,NORTH SHIELDS,TYNE AND WEAR,NE29 8NH,19980401,0,A,"Rake Ln, Tyne and Wear, North Shields NE29 8NH, UK",55.0254219,-1.467913
153,RTG,DERBY TEACHING HOSPITALS NHS FOUNDATION TRUST,Y55,Q76,ROYAL DERBY HOSPITAL,DERBY,DERBYSHIRE,DE22 3NE,19980401,0,E,"Uttoxeter Rd, Derby DE22 3NE, UK",52.9110372,-1.513446
154,RTH,OXFORD UNIVERSITY HOSPITALS NHS FOUNDATION TRUST,Y57,Q82,JOHN RADCLIFFE HOSPITAL,OXFORD,OXFORDSHIRE,OX3 9DU,19980401,0,J,"Headley Way, Headington, Oxford OX3 9DU, UK",51.7642667,-1.2205514
155,RTK,ASHFORD AND ST PETER'S HOSPITALS NHS FOUNDATION TRUST,Y57,Q81,ST PETERS HOSPITAL,CHERTSEY,SURREY,KT16 0PZ,19980401,0,J,"Guildford Rd, Lyne, Chertsey KT16 0PZ, UK",51.3773496,-0.5276927
156,RTP,SURREY AND SUSSEX HEALTHCARE NHS TRUST,Y57,Q81,EAST SURREY HOSPITAL,REDHILL,SURREY,RH1 5RH,19980401,0,J,"Canada Ave, Redhill RH1 5RH, UK",51.2189735,-0.1624018
157,RTQ,2GETHER NHS FOUNDATION TRUST,Y57,Q82,RIKENEL,GLOUCESTER,GLOUCESTERSHIRE,GL1 1LY,20020401,0,J,"Gloucester GL1 1TU, UK",51.8606609,-2.2447085
158,RTR,SOUTH TEES HOSPITALS NHS FOUNDATION TRUST,Y54,Q74,JAMES COOK UNIVERSITY HOSPITAL,MIDDLESBROUGH,CLEVELAND,TS4 3BW,20020401,0,A,"Marton Rd, Middlesbrough TS4 3BW, UK",54.5512379,-1.2146772
159,RTV,5 BOROUGHS PARTNERSHIP NHS FOUNDATION TRUST,Y54,Q75,HOLLINS PARK HOSPITAL,WARRINGTON,CHESHIRE,WA2 8WA,20020401,0,B,"Hollins Ln, Winwick, Warrington WA2 8WA, UK",53.4283486,-2.608441
160,RTX,UNIVERSITY HOSPITALS OF MORECAMBE BAY NHS FOUNDATION TRUST,Y54,Q74,WESTMORLAND GENERAL HOSPITAL,KENDAL,CUMBRIA,LA9 7RG,19980401,0,A,"Burton Rd, Kendal LA9 7RG, UK",54.30653299999999,-2.732387
161,RV3,CENTRAL AND NORTH WEST LONDON NHS FOUNDATION TRUST,Y56,Q71,STEPHENSON HOUSE,LONDON,GREATER LONDON,NW1 2PL,19990401,0,H,"London NW1 2PL, UK",51.52657010000001,-0.1388455
162,RV5,SOUTH LONDON AND MAUDSLEY NHS FOUNDATION TRUST,Y56,Q71,MAUDSLEY HOSPITAL,LONDON,GREATER LONDON,SE5 8AZ,19990401,0,H,"Denmark Hill, Camberwell, London SE5 8AZ, UK",51.4693944,-0.0903431
163,RV9,HUMBER NHS FOUNDATION TRUST,Y54,Q72,"TRUST HQ, WILLERBY HILL",HULL,NORTH HUMBERSIDE,HU10 6ED,19991001,0,D,"Beverley Rd, Willerby, Hull HU10 6ED, UK",53.7722771,-0.4464896
164,RVJ,NORTH BRISTOL NHS TRUST,Y57,Q80,SOUTHMEAD HOSPITAL,BRISTOL,AVON,BS10 5NB,19990401,0,K,"Southmead Rd, Bristol BS10 5NB, UK",51.4968176,-2.5916111
165,RVN,AVON AND WILTSHIRE MENTAL HEALTH PARTNERSHIP NHS TRUST,Y57,Q82,JENNER HOUSE,CHIPPENHAM,WILTSHIRE,SN15 1GG,19990401,0,J,"40 New Rd, Chippenham SN15 1HL, UK",51.4625595,-2.1185575
166,RVR,EPSOM AND ST HELIER UNIVERSITY HOSPITALS NHS TRUST,Y56,Q71,ST HELIER HOSPITAL,CARSHALTON,SURREY,SM5 1AA,19990401,0,H,"Wrythe Ln, Sutton, Carshalton SM5 1AA, UK",51.3804081,-0.1847495
167,RVV,EAST KENT HOSPITALS UNIVERSITY NHS FOUNDATION TRUST,Y57,Q81,KENT & CANTERBURY HOSPITAL,CANTERBURY,KENT,CT1 3NG,19990401,0,J,"Ethelbert Rd, Canterbury CT1 3NG, UK",51.2656432,1.0870102
168,RVW,NORTH TEES AND HARTLEPOOL NHS FOUNDATION TRUST,Y54,Q74,UNIVERSITY HOSPITAL OF HARTLEPOOL,HARTLEPOOL,CLEVELAND,TS24 9AH,19990401,0,A,"Holdforth Rd, Hartlepool TS24 9AH, UK",54.702104,-1.2275988
169,RVY,SOUTHPORT AND ORMSKIRK HOSPITAL NHS TRUST,Y54,Q75,TOWN LANE,SOUTHPORT,MERSEYSIDE,PR8 6PN,19990401,0,B,"Southport and Formby District General Hospital Town Lane, Kew, Southport PR8 6PN, UK",53.6333043,-2.9792197
170,RW1,SOUTHERN HEALTH NHS FOUNDATION TRUST,Y57,Q70,MAPLES BUILDINGS,SOUTHAMPTON,HAMPSHIRE,SO40 2RZ,20010401,0,J,"Loperwood Ln, Southampton SO40 2RZ, UK",50.9318649,-1.5311913
171,RW3,CENTRAL MANCHESTER UNIVERSITY HOSPITALS NHS FOUNDATION TRUST,Y54,Q83,"TRUST HEADQUARTERS, COBBETT HOUSE",MANCHESTER,GREATER MANCHESTER,M13 9WL,20010401,1,B,"Cobbett House, Manchester Royal Infirmary, Oxford Rd, Manchester M13 9WL, UK",53.4607569,-2.2277393
172,RW4,MERSEY CARE NHS FOUNDATION TRUST,Y54,Q75,8 PRINCES PARADE,LIVERPOOL,MERSEYSIDE,L3 1DL,20010401,1,B,"Princes Dock, 3rd floor, Atlantic Container Line UK Ltd, 8 Princes Parade, Liverpool L3 1DL, UK",53.4076403,-2.9988719
173,RW5,LANCASHIRE CARE NHS FOUNDATION TRUST,Y54,Q84,SCEPTRE POINT,PRESTON,LANCASHIRE,PR5 6AW,20020401,1,B,"Sceptre Point Sceptre Way, Walton Summit Rd, Walton Summit Centre, Preston PR5 6AW, UK",53.71915,-2.639792
174,RW6,PENNINE ACUTE HOSPITALS NHS TRUST,Y54,Q83,TRUST HEADQUARTERS,MANCHESTER,GREATER MANCHESTER,M8 5RB,20020401,1,B,"Delaunays Rd, Crumpsall, Manchester M8 5RB, UK",53.5178824,-2.2294865
175,RWA,HULL AND EAST YORKSHIRE HOSPITALS NHS TRUST,Y54,Q72,HULL ROYAL INFIRMARY,HULL,NORTH HUMBERSIDE,HU3 2JZ,19991001,0,D,"Anlaby Rd, Hull HU3 2JZ, UK",53.744205,-0.357741
176,RWD,UNITED LINCOLNSHIRE HOSPITALS NHS TRUST,Y55,Q78,LINCOLN COUNTY HOSPITAL,LINCOLN,LINCOLNSHIRE,LN2 4AX,20000401,0,E,"Greetwell Rd, Lincoln LN2 5QY, UK",53.2332975,-0.518118
177,RWE,UNIVERSITY HOSPITALS OF LEICESTER NHS TRUST,Y55,Q78,GWENDOLEN HOUSE,LEICESTER,LEICESTERSHIRE,LE5 4QF,20000401,0,E,"Gwendolen House, Gwendolen Rd, Leicester LE5 4QF, UK",52.6305117,-1.0856861
178,RWF,MAIDSTONE AND TUNBRIDGE WELLS NHS TRUST,Y57,Q81,MAIDSTONE HOSPITAL,MAIDSTONE,KENT,ME16 9QQ,20000401,0,J,"Hermitage Ln, Maidstone ME16 9QQ, UK",51.2747712,0.485145
179,RWG,WEST HERTFORDSHIRE HOSPITALS NHS TRUST,Y55,Q78,TRUST OFFICES,WATFORD,HERTFORDSHIRE,WD18 0HB,20000401,0,E,"Vicarage Rd, Watford WD18 0HB, UK",51.648629,-0.4032607
180,RWH,EAST AND NORTH HERTFORDSHIRE NHS TRUST,Y55,Q78,LISTER HOSPITAL,STEVENAGE,HERTFORDSHIRE,SG1 4AB,20000401,0,E,"Coreys Mill Ln, Stevenage SG1 4AB, UK",51.92415810000001,-0.2126828
181,RWJ,STOCKPORT NHS FOUNDATION TRUST,Y54,Q83,STEPPING HILL HOSPITAL,STOCKPORT,CHESHIRE,SK2 7JE,20000401,1,B,"Poplar Grove, Hazel Grove, Stockport SK2 7JE, UK",53.3843913,-2.1330857
182,RWK,EAST LONDON NHS FOUNDATION TRUST,Y56,Q71,20-24 COMMERCIAL STREET,LONDON,GREATER LONDON,E1 6LP,20000401,0,H,"9 Alie St, London E1 8DE, UK",51.51356759999999,-0.07207899999999999
183,RWN,SOUTH ESSEX PARTNERSHIP UNIVERSITY NHS FOUNDATION TRUST,Y55,Q79,"THE LODGE, RUNWELL HOSPITAL",WICKFORD,ESSEX,SS11 7XX,20000401,0,G,"The Lodge, Runwell Chase, Runwell, Wickford SS11 7XX, UK",51.6330295,0.5434261000000001
184,RWP,WORCESTERSHIRE ACUTE HOSPITALS NHS TRUST,Y55,Q77,WORCESTERSHIRE ROYAL HOSPITAL,WORCESTER,WORCESTERSHIRE,WR5 1DD,20000401,0,F,"Charles Hastings Way, Worcester WR5 1DD, UK",52.1912499,-2.1811171
185,RWR,HERTFORDSHIRE PARTNERSHIP UNIVERSITY NHS FOUNDATION TRUST,Y55,Q78,99 WAVERLEY ROAD,ST. ALBANS,HERTFORDSHIRE,AL3 5TL,20010401,0,E,"99 Waverley Rd, St Albans AL3 5TQ, UK",51.7625796,-0.3451309
186,RWV,DEVON PARTNERSHIP NHS TRUST,Y57,Q80,WONFORD HOUSE HOSPITAL,EXETER,DEVON,EX2 5AF,20010401,0,K,"Wonford House, Dryden Rd, Exeter EX2 5AF, UK",50.7153144,-3.5062778
187,RWW,WARRINGTON AND HALTON HOSPITALS NHS FOUNDATION TRUST,Y54,Q75,WARRINGTON HOSPITAL,WARRINGTON,CHESHIRE,WA5 1QG,20010401,0,B,"Lovely Ln, Warrington WA5 1QG, UK",53.3940422,-2.6108215
188,RWX,BERKSHIRE HEALTHCARE NHS FOUNDATION TRUST,Y57,Q82,FITZWILLIAM HOUSE,BRACKNELL,BERKSHIRE,RG12 1BQ,20010401,0,J,"Fitzwilliam House, Skimped Hill Ln, Bracknell RG12 1BQ, UK",51.41656889999999,-0.7543322
189,RWY,CALDERDALE AND HUDDERSFIELD NHS FOUNDATION TRUST,Y54,Q72,ROYAL INFIRMARY,HUDDERSFIELD,WEST YORKSHIRE,HD3 3EA,20010401,0,D,"Acre St, Lindley, Huddersfield HD3 3EA, UK",53.6552958,-1.8157482
190,RX1,NOTTINGHAM UNIVERSITY HOSPITALS NHS TRUST,Y55,Q76,TRUST HEADQUARTERS,NOTTINGHAM,NOTTINGHAMSHIRE,NG7 2UH,20060401,0,E,"Derby Rd, Lenton, Nottingham NG7 2UH, UK",52.9435955,-1.1850038
191,RX2,SUSSEX PARTNERSHIP NHS FOUNDATION TRUST,Y57,Q81,ASSESSMENT AND TREATMENT CENTRE,CHICHESTER,WEST SUSSEX,PO19 1BX,20060401,1,J,"Chapel St, Chichester PO19 1BX, UK",50.839035,-0.779864
192,RX3,"TEES, ESK AND WEAR VALLEYS NHS FOUNDATION TRUST",Y54,Q74,TRUST HEADQUARTERS,DARLINGTON,COUNTY DURHAM,DL2 2TS,20060401,0,A,"Edward Pease Way, Darlington DL2 2TS, UK",54.543646,-1.5915776
193,RX4,"NORTHUMBERLAND, TYNE AND WEAR NHS FOUNDATION TRUST",Y54,Q74,ST. NICHOLAS HOSPITAL,NEWCASTLE UPON TYNE,TYNE AND WEAR,NE3 3XT,20060401,0,A,"St. Nicholas Hospital/Jubilee Rd, Newcastle upon Tyne NE3 3XT, UK",55.006329,-1.6347733
194,RX6,NORTH EAST AMBULANCE SERVICE NHS FOUNDATION TRUST,Y54,Q74,BENICIA HOUSE,NEWCASTLE UPON TYNE,TYNE AND WEAR,NE15 8NY,20060701,0,A,"Newcastle upon Tyne NE15 8NY, UK",54.9689537,-1.7106532
195,RX7,NORTH WEST AMBULANCE SERVICE NHS TRUST,Y54,Q83,LADYBRIDGE HALL,BOLTON,LANCASHIRE,BL1 5DD,20060701,1,B,"399 Chorley New Rd, Bolton BL1 5DD, UK",53.5790217,-2.4757721
196,RX8,YORKSHIRE AMBULANCE SERVICE NHS TRUST,Y54,Q72,"SPRINGHILL 2,",WAKEFIELD,WEST YORKSHIRE,WF2 0XQ,20060701,0,D,"Trust Headquarters Springhill 2 Wakefield 41 Business Park, Brindley Way, Wakefield WF2 0XQ, UK",53.7085495,-1.5174502
197,RX9,EAST MIDLANDS AMBULANCE SERVICE NHS TRUST,Y55,Q76,1 HORIZON PLACE,NOTTINGHAM,NOTTINGHAMSHIRE,NG8 6PY,20060701,0,E,"1 Horizon Place, Mellors Way, Nottingham NG8 6PY, UK",52.9804724,-1.2379467
198,RXA,CHESHIRE AND WIRRAL PARTNERSHIP NHS FOUNDATION TRUST,Y54,Q75,TRUST BOARD OFFICES,CHESTER,CHESHIRE,CH2 1BQ,20020401,0,B,"Chester Health Park, Liverpool Rd, Chester CH2 1BQ, UK",53.2120533,-2.8998958
199,RXC,EAST SUSSEX HEALTHCARE NHS TRUST,Y57,Q81,ST. ANNES HOUSE,ST. LEONARDS-ON-SEA,EAST SUSSEX,TN37 7PT,20020401,0,J,"St Annes House, 729 The Ridge, Hastings, Saint Leonards-on-sea TN37 7PT, UK",50.88499119999999,0.5681560999999999
200,RXE,ROTHERHAM DONCASTER AND SOUTH HUMBER NHS FOUNDATION TRUST,Y54,Q72,ST. CATHERINE'S HOUSE,DONCASTER,SOUTH YORKSHIRE,DN4 8QN,20040401,0,D,"St Catherines House, Tickhill Rd, Doncaster DN4 8QN, UK",53.4948158,-1.1459607
201,RXF,MID YORKSHIRE HOSPITALS NHS TRUST,Y54,Q72,ROWAN HOUSE,WAKEFIELD,WEST YORKSHIRE,WF1 4EE,20020401,0,D,"Rowan House, Rowan Ct, Wakefield WF2 0HL, UK",53.6901115,-1.5175713
202,RXG,SOUTH WEST YORKSHIRE PARTNERSHIP NHS FOUNDATION TRUST,Y54,Q72,TRUST HEADQUARTERS,WAKEFIELD,WEST YORKSHIRE,WF1 3SP,20020401,0,D,"South West Yorkshire Partnership NHS Foundation Trust, Ouchthorpe Ln, Wakefield WF1 3SP, UK",53.6974399,-1.4908461
203,RXH,BRIGHTON AND SUSSEX UNIVERSITY HOSPITALS NHS TRUST,Y57,Q81,ROYAL SUSSEX COUNTY HOSPITAL,BRIGHTON,EAST SUSSEX,BN2 5BE,20020401,0,J,"Barry Building, Eastern Rd, Brighton BN2 5BE, UK",50.8193472,-0.1182958
204,RXK,SANDWELL AND WEST BIRMINGHAM HOSPITALS NHS TRUST,Y55,Q77,CITY HOSPITAL,BIRMINGHAM,WEST MIDLANDS,B18 7QH,20020401,0,F,"Dudley Rd, Birmingham B18 7QH, UK",52.4874527,-1.9325148
205,RXL,BLACKPOOL TEACHING HOSPITALS NHS FOUNDATION TRUST,Y54,Q84,VICTORIA HOSPITAL,BLACKPOOL,LANCASHIRE,FY3 8NR,20020401,1,B,"Whinney Heys Rd, Blackpool FY3 8NR, UK",53.820588,-3.0137516
206,RXM,DERBYSHIRE HEALTHCARE NHS FOUNDATION TRUST,Y55,Q76,TRUST HEADQUARTERS,DERBY,DERBYSHIRE,DE22 3LZ,20020401,0,E,"Trust HQ, Ashbourne Centre, Kingsway Hospital, Kingsway, Derby DE22 3LZ, UK",52.918022,-1.512301
207,RXN,LANCASHIRE TEACHING HOSPITALS NHS FOUNDATION TRUST,Y54,Q84,CHIEF EXECUTIVE'S OFFICE,PRESTON,LANCASHIRE,PR2 9HT,20020801,1,B,"Fulwood, Preston PR2 9HT, UK",53.79086359999999,-2.7044959
208,RXP,COUNTY DURHAM AND DARLINGTON NHS FOUNDATION TRUST,Y54,Q74,DARLINGTON MEMORIAL HOSPITAL,DARLINGTON,COUNTY DURHAM,DL3 6HX,20021001,0,A,"Darlington Memorial Hospital, Hollyhurst Rd, Darlington DL3 6HX, UK",54.53034479999999,-1.564452
209,RXQ,BUCKINGHAMSHIRE HEALTHCARE NHS TRUST,Y57,Q82,AMERSHAM HOSPITAL,AMERSHAM,BUCKINGHAMSHIRE,HP7 0JD,20030401,0,J,"Whielden St, Amersham HP7 0JD, UK",51.6629486,-0.6213734
210,RXR,EAST LANCASHIRE HOSPITALS NHS TRUST,Y54,Q84,ROYAL BLACKBURN HOSPITAL,BLACKBURN,LANCASHIRE,BB2 3HH,20030401,1,B,"Haslingden Rd, Blackburn BB2 3HH, UK",53.7353901,-2.4619976
211,RXT,BIRMINGHAM AND SOLIHULL MENTAL HEALTH NHS FOUNDATION TRUST,Y55,Q77,UNIT 1,BIRMINGHAM,WEST MIDLANDS,B1 3RB,20030401,0,F,"1, B1, 50 Summer Hill Rd, Birmingham B1 3RB, UK",52.4850769,-1.9178743
212,RXV,GREATER MANCHESTER WEST MENTAL HEALTH NHS FOUNDATION TRUST,Y54,Q83,PRESTWICH HOSPITAL,MANCHESTER,GREATER MANCHESTER,M25 3BL,20030401,1,B,"NHS Foundation Trust, Bury New Rd, Prestwich, Manchester M25 3BL, UK",53.5364995,-2.2926045
213,RXW,SHREWSBURY AND TELFORD HOSPITAL NHS TRUST,Y55,Q76,MYTTON OAK ROAD,SHREWSBURY,SHROPSHIRE,SY3 8XQ,20031001,0,E,"Mytton Oak Rd, Shrewsbury SY3 8XQ, UK",52.7089717,-2.7926946
214,RXX,SURREY AND BORDERS PARTNERSHIP NHS FOUNDATION TRUST,Y57,Q81,18 MOLE BUSINESS PARK,LEATHERHEAD,SURREY,KT22 7AD,20050401,0,J,"18, Mole Business Park, Randalls Rd, Leatherhead KT22 7AD, UK",51.297952,-0.3351251
215,RXY,KENT AND MEDWAY NHS AND SOCIAL CARE PARTNERSHIP TRUST,Y57,Q81,35 KINGS HILL AVENUE,WEST MALLING,KENT,ME19 4AX,20060401,0,J,"35 Kings Hill Ave, Kings Hill, West Malling ME19 4DN, UK",51.2784647,0.3985468
216,RY1,LIVERPOOL COMMUNITY HEALTH NHS TRUST,Y54,Q75,2 ENTERPRISE WAY,LIVERPOOL,MERSEYSIDE,L13 1FB,20101101,0,B,"Primary Care 24, Unit 4, 6 Enterprise Way, Liverpool L13 1FB, UK",53.4039604,-2.9309865
217,RY2,BRIDGEWATER COMMUNITY HEALTHCARE NHS FOUNDATION TRUST,Y54,Q83,BEVAN HOUSE,WIGAN,LANCASHIRE,WN3 6PR,20101101,1,B,"Harrow Rd, Wigan WN5 0QL, UK",53.5492668,-2.6674225
218,RY3,NORFOLK COMMUNITY HEALTH AND CARE NHS TRUST,Y55,Q79,ELLIOT HOUSE,NORWICH,NORFOLK,NR1 3FR,20101101,0,G,"St Peters St, Norwich NR2 1NH, UK",52.6285345,1.2916276
219,RY4,HERTFORDSHIRE COMMUNITY NHS TRUST,Y55,Q78,14 TEWIN ROAD,WELWYN GARDEN CITY,HERTFORDSHIRE,AL7 1BW,20101101,0,E,"Unit 1a, Howard Court, 14 Tewin Road, Welwyn Garden City AL7 1BW, UK",51.8026724,-0.1939773
220,RY5,LINCOLNSHIRE COMMUNITY HEALTH SERVICES NHS TRUST,Y55,Q78,BEECH HOUSE,LINCOLN,LINCOLNSHIRE,LN5 7JH,20110401,0,E,"Beech House Witham Park, Waterside South, Lincoln LN5 7JH, UK",53.2265336,-0.5241828
221,RY6,LEEDS COMMUNITY HEALTHCARE NHS TRUST,Y54,Q72,STOCKDALE HOUSE,LEEDS,WEST YORKSHIRE,LS6 1PF,20110401,0,D,"Stockdale House, Headingley Office Park, 8 Victoria Road, Headingley, Leeds LS6 1PF, UK",53.8148984,-1.5683146
222,RY7,WIRRAL COMMUNITY NHS FOUNDATION TRUST,Y54,Q75,OLD MARKET HOUSE,BIRKENHEAD,MERSEYSIDE,CH41 5AL,20110401,1,B,"13 Hamilton St, Birkenhead CH41 5AL, UK",53.39091149999999,-3.0163867
223,RY8,DERBYSHIRE COMMUNITY HEALTH SERVICES NHS FOUNDATION TRUST,Y55,Q76,NEWHOLME HOSPITAL,BAKEWELL,DERBYSHIRE,DE45 1AD,20110401,0,E,"Baslow Rd, Bakewell, Derbyshire DE45 1AD, UK",53.2187376,-1.6724002
224,RY9,HOUNSLOW AND RICHMOND COMMUNITY HEALTHCARE NHS TRUST,Y56,Q71,THAMES HOUSE,TEDDINGTON,MIDDLESEX,TW11 8HU,20110401,0,H,"180 High St, Teddington TW11 8HY, UK",51.4275441,-0.3260471
225,RYA,WEST MIDLANDS AMBULANCE SERVICE NHS FOUNDATION TRUST,Y55,Q77,WATERFRONT BUSINESS PARK,BRIERLEY HILL,WEST MIDLANDS,DY5 1LX,20060701,0,F,"Waterfront Business Park, 65 Waterfront Way, Brierley Hill DY5 1LX, UK",52.48656339999999,-2.1183131
226,RYC,EAST OF ENGLAND AMBULANCE SERVICE NHS TRUST,Y55,Q79,AMBULANCE STATION,NORWICH,NORFOLK,NR6 5NA,20060701,0,G,"Hospital Ln, Hellesdon, Norwich NR6 5NA, UK",52.6560361,1.249601
227,RYD,SOUTH EAST COAST AMBULANCE SERVICE NHS FOUNDATION TRUST,Y57,Q81,40-42 FRIARS WALK,LEWES,EAST SUSSEX,BN7 2XW,20060701,0,J,"40 Friars Walk, Lewes BN7 2LG, UK",50.8736429,0.0143368
228,RYE,SOUTH CENTRAL AMBULANCE SERVICE NHS FOUNDATION TRUST,Y57,Q82,7-8 TALISMAN ROAD,BICESTER,OXFORDSHIRE,OX26 6HR,20060701,0,J,"7-8 Talisman Rd, Bicester OX26 6HR, UK",51.8918302,-1.1483296
229,RYF,SOUTH WESTERN AMBULANCE SERVICE NHS FOUNDATION TRUST,Y57,Q80,WESTCOUNTRY HOUSE,EXETER,DEVON,EX2 7HY,20060701,0,K,"Exeter EX2 7HY, UK",50.7205212,-3.464247
230,RYG,COVENTRY AND WARWICKSHIRE PARTNERSHIP NHS TRUST,Y55,Q77,WAYSIDE HOUSE,COVENTRY,WEST MIDLANDS,CV6 6NY,20061001,0,F,"Wayside House, Wilsons Ln, Longford, Coventry CV6 6NY, UK",52.4573232,-1.4859248
231,RYJ,IMPERIAL COLLEGE HEALTHCARE NHS TRUST,Y56,Q71,ST. MARYS HOSPITAL,LONDON,GREATER LONDON,W2 1NY,20071001,0,H,"Praed St, Paddington, London W2 1NY, UK",51.5173483,-0.1742553
232,RYK,DUDLEY AND WALSALL MENTAL HEALTH PARTNERSHIP NHS TRUST,Y55,Q77,TRAFALGAR HOUSE,DUDLEY,WEST MIDLANDS,DY2 8PS,20081001,0,F,"Trafalgar House, 47-49 King St, Dudley DY2 8PS, UK",52.508434,-2.084503
233,RYR,WESTERN SUSSEX HOSPITALS NHS FOUNDATION TRUST,Y57,Q81,WORTHING HOSPITAL,WORTHING,WEST SUSSEX,BN11 2DH,20090401,0,J,"Lyndhurst Rd, Worthing BN11 2DH, UK",50.8166569,-0.3636178
234,RYT,PUBLIC HEALTH WALES NHS TRUST,W00,Q99,14 CATHEDRAL ROAD,CARDIFF,SOUTH GLAMORGAN,CF11 9LJ,20091001,0,W,"14 Cathedral Rd, Pontcanna, Cardiff CF11 9LJ, UK",51.48277210000001,-3.1899573
235,RYV,CAMBRIDGESHIRE COMMUNITY SERVICES NHS TRUST,Y55,Q79,UNIT 3,ST. IVES,CAMBRIDGESHIRE,PE27 4LG,20100401,0,G,"Units 7, 8 Meadow Ln, Saint Ives PE27 4LG, UK",52.3228204,-0.06799
236,RYW,BIRMINGHAM COMMUNITY HEALTHCARE NHS FOUNDATION TRUST,Y55,Q77,"3, PRIESTLEY WHARF",BIRMINGHAM,WEST MIDLANDS,B7 4BN,20101101,1,F,"Priestley Wharf, Holt St, Birmingham B7 4BN, UK",52.487897,-1.8863477
237,RYX,CENTRAL LONDON COMMUNITY HEALTHCARE NHS TRUST,Y56,Q71,7TH FLOOR,LONDON,GREATER LONDON,SW1E 6QP,20101101,0,H,"Victoria St, Westminster, London SW1E 6QP, UK",51.49743580000001,-0.1372961
238,RYY,KENT COMMUNITY HEALTH NHS FOUNDATION TRUST,Y57,Q81,"UNIT D, THE OAST",MAIDSTONE,KENT,ME16 9NT,20101101,0,J,"D, The Oast House, Hermitage Ct, Maidstone ME16 9NT, UK",51.2782859,0.4786536
